{
  "Overall Qual": {
    "min": 1.0,
    "max": 10.0,
    "mean": 6.095595766473199,
    "std": 1.4104948761429947
  },
  "Overall Cond": {
    "min": 1.0,
    "max": 9.0,
    "mean": 5.562649368385115,
    "std": 1.1112193360157014
  },
  "Total Bsmt SF": {
    "min": 0.0,
    "max": 6110.0,
    "mean": 1051.6145442130419,
    "std": 440.53984458532705
  },
  "Central Air": {
    "min": 0.0,
    "max": 1.0,
    "mean": 0.9330829634687606,
    "std": 0.24987826386686
  },
  "Gr Liv Area": {
    "min": 334.0,
    "max": 5642.0,
    "mean": 1499.896551724138,
    "std": 505.38576095860736
  },
  "target_mean": 180737.87238583012,
  "target_std": 78166.41631728316,
  "test_size": 0.2
}